id,type,name
VA,state,Virginia
VA001,county,Accomack
VA003,county,Albemarle
VA005,county,Alleghany
VA007,county,Amelia
VA009,county,Amherst
VA011,county,Appomattox
VA013,county,Arlington
VA015,county,Augusta
VA017,county,Bath
VA019,county,Bedford
VA021,county,Bland
VA023,county,Botetourt
VA025,county,Brunswick
VA027,county,Buchanan
VA029,county,Buckingham
VA031,county,Campbell
VA033,county,Caroline
VA035,county,Carroll
VA036,county,Charles City
VA037,county,Charlotte
VA041,county,Chesterfield
VA043,county,Clarke
VA045,county,Craig
VA047,county,Culpeper
VA049,county,Cumberland
VA051,county,Dickenson
VA053,county,Dinwiddie
VA057,county,Essex
VA059,county,Fairfax
VA061,county,Fauquier
VA063,county,Floyd
VA065,county,Fluvanna
VA067,county,Franklin
VA069,county,Frederick
VA071,county,Giles
VA073,county,Gloucester
VA075,county,Goochland
VA077,county,Grayson
VA079,county,Greene
VA081,county,Greensville
VA083,county,Halifax
VA085,county,Hanover
VA087,county,Henrico
VA089,county,Henry
VA091,county,Highland
VA093,county,Isle of Wight
VA095,county,James City
VA097,county,King and Queen
VA099,county,King George
VA101,county,King William
VA103,county,Lancaster
VA105,county,Lee
VA107,county,Loudoun
VA109,county,Louisa
VA111,county,Lunenburg
VA113,county,Madison
VA115,county,Mathews
VA117,county,Mecklenburg
VA119,county,Middlesex
VA121,county,Montgomery
VA125,county,Nelson
VA127,county,New Kent
VA131,county,Northampton
VA133,county,Northumberland
VA135,county,Nottoway
VA137,county,Orange
VA139,county,Page
VA141,county,Patrick
VA143,county,Pittsylvania
VA145,county,Powhatan
VA147,county,Prince Edward
VA149,county,Prince George
VA153,county,Prince William
VA155,county,Pulaski
VA157,county,Rappahannock
VA159,county,Richmond
VA161,county,Roanoke
VA163,county,Rockbridge
VA165,county,Rockingham
VA167,county,Russell
VA169,county,Scott
VA171,county,Shenandoah
VA173,county,Smyth
VA175,county,Southampton
VA177,county,Spotsylvania
VA179,county,Stafford
VA181,county,Surry
VA183,county,Sussex
VA185,county,Tazewell
VA187,county,Warren
VA191,county,Washington
VA193,county,Westmoreland
VA195,county,Wise
VA197,county,Wythe
VA199,county,York
VA510,county,Alexandria City
VA515,county,Bedford City
VA520,county,Bristol City
VA530,county,Buena Vista City
VA540,county,Charlottesville City
VA550,county,Chesapeake City
VA570,county,Colonial Heights City
VA580,county,Covington City
VA590,county,Danville City
VA595,county,Emporia City
VA600,county,Fairfax City
VA610,county,Falls Church City
VA620,county,Franklin City
VA630,county,Fredericksburg City
VA640,county,Galax City
VA650,county,Hampton City
VA660,county,Harrisonburg City
VA670,county,Hopewell City
VA678,county,Lexington City
VA680,county,Lynchburg City
VA683,county,Manassas City
VA685,county,Manassas Park City
VA690,county,Martinsville City
VA700,county,Newport News City
VA710,county,Norfolk City
VA720,county,Norton City
VA730,county,Petersburg City
VA735,county,Poquoson City
VA740,county,Portsmouth City
VA750,county,Radford City
VA760,county,Richmond City
VA770,county,Roanoke City
VA775,county,Salem City
VA790,county,Staunton City
VA800,county,Suffolk City
VA810,county,Virginia Beach City
VA820,county,Waynesboro City
VA830,county,Williamsburg City
VA840,county,Winchester City
